sector_index,category
167,the warmest sector
157,the warmest sector
2,the warmest sector
12,the warmest sector
14,the warmest sector
4,the warmest sector
17,the warmest sector
27,the warmest sector
3,the warmest sector
13,the warmest sector
92,the coldest sector
106,the coldest sector
78,the coldest sector
93,the coldest sector
91,the coldest sector
107,the coldest sector
105,the coldest sector
120,the coldest sector
77,the coldest sector
79,the coldest sector
84,the closes sector to mean temp
131,the closes sector to mean temp
82,the closes sector to mean temp
72,the closes sector to mean temp
137,the closes sector to mean temp
74,the closes sector to mean temp
102,the closes sector to mean temp
127,the closes sector to mean temp
112,the closes sector to mean temp
110,the closes sector to mean temp
87,the closes sector to mean temp
100,the closes sector to mean temp
43,the closes sector to mean temp
160,the closes sector to mean temp
164,the closes sector to mean temp
34,the closes sector to mean temp
97,the closes sector to mean temp
38,the closes sector to mean temp
53,the closes sector to mean temp
7,the closes sector to mean temp
126,the closes sector to mean temp
96,the closes sector to mean temp
101,the closes sector to mean temp
86,the closes sector to mean temp
111,the closes sector to mean temp
88,the closes sector to mean temp
98,the closes sector to mean temp
114,the closes sector to mean temp
124,the closes sector to mean temp
9,the closes sector to mean temp
